{
  "images" : [
    {
      "filename" : "365588231_1222512268414015_8560899972894364782_n 1.png",
      "idiom" : "universal",
      "scale" : "1x"
    },
    {
      "filename" : "365588231_1222512268414015_8560899972894364782_n 1@2x.png",
      "idiom" : "universal",
      "scale" : "2x"
    },
    {
      "filename" : "365588231_1222512268414015_8560899972894364782_n 1@3x.png",
      "idiom" : "universal",
      "scale" : "3x"
    }
  ],
  "info" : {
    "author" : "xcode",
    "version" : 1
  }
}
